{
    "depth": 0,
    "horizontal_velocity": 0,
    "vertical_velocity": 0,
    "temp": 0,
    "pitch": -0.3199999928474426,
    "roll": -2.509999990463257,
    "heading": 326.5400085449219,
    "auto_heading": 0,
    "target_heading": 0,
    "auto_depth": 0,
    "target_depth": 0,
    "mode": "manual",
    "disconnect": 1,
    "light": 0,
    "camera": 0,
    "calibrated": 1.0,
    "internal_temp": 36.56999969482422,
    "horizontal_veloc": 5.210000038146973,
    "vertical_velocit": -5.0
}